Workbook
Name Review_Type_List: Lists!$A$1:Lists!$A$7
Name Rating_List: Lists!$B$1:Lists!$B$5
Name Achievement_List: Lists!$C$1:Lists!$C$4
Name Goal_Category_List: Lists!$D$1:Lists!$D$5
Name Priority_List: Lists!$E$1:Lists!$E$3
Name Readiness_List: Lists!$F$1:Lists!$F$4
Name Promotion_List: Lists!$G$1:Lists!$G$3

Sheet Lists
A1: Annual | B1: 5 - Exceptional | C1: Exceeded | D1: Performance | E1: High | F1: Ready Now | G1: Yes
A2: Mid-Year | B2: 4 - Exceeds Expectations | C2: Achieved | D2: Development | E2: Medium | F2: Ready in 1 Year | G2: No
A3: Quarterly | B3: 3 - Meets Expectations | C3: Partially Achieved | D3: Project | E3: Low | F3: Ready in 2+ Years | G3: Consider for Future
A4: Probationary (30 days) | B4: 2 - Needs Improvement | C4: Not Achieved | D4: Behavioral | F4: Not Applicable
A5: Probationary (60 days) | B5: 1 - Unsatisfactory | D5: Strategic
A6: Probationary (90 days)
A7: PIP Review

Sheet Review_Information
A1: Review Period | B1: Review Type | C1: Employee Name | D1: Employee ID | E1: Job Title | F1: Department | G1: Hire Date | H1: Review Period Start | I1: Review Period End | J1: Manager Name | K1: Manager Title | L1: Review Date | M1: Overall Rating | N1: Overall Score | O1: Manager Signature | P1: Employee Signature | Q1: HR Review Date
N2: =IFERROR(SUMPRODUCT(Competency_Ratings!C:C,Competency_Ratings!D:D)/SUM(Competency_Ratings!D:D), "")
N3: =IFERROR(SUMPRODUCT(Competency_Ratings!C:C,Competency_Ratings!D:D)/SUM(Competency_Ratings!D:D), "")
N4: =IFERROR(SUMPRODUCT(Competency_Ratings!C:C,Competency_Ratings!D:D)/SUM(Competency_Ratings!D:D), "")
N5: =IFERROR(SUMPRODUCT(Competency_Ratings!C:C,Competency_Ratings!D:D)/SUM(Competency_Ratings!D:D), "")
N6: =IFERROR(SUMPRODUCT(Competency_Ratings!C:C,Competency_Ratings!D:D)/SUM(Competency_Ratings!D:D), "")
N7: =IFERROR(SUMPRODUCT(Competency_Ratings!C:C,Competency_Ratings!D:D)/SUM(Competency_Ratings!D:D), "")
N8: =IFERROR(SUMPRODUCT(Competency_Ratings!C:C,Competency_Ratings!D:D)/SUM(Competency_Ratings!D:D), "")
N9: =IFERROR(SUMPRODUCT(Competency_Ratings!C:C,Competency_Ratings!D:D)/SUM(Competency_Ratings!D:D), "")
N10: =IFERROR(SUMPRODUCT(Competency_Ratings!C:C,Competency_Ratings!D:D)/SUM(Competency_Ratings!D:D), "")
N11: =IFERROR(SUMPRODUCT(Competency_Ratings!C:C,Competency_Ratings!D:D)/SUM(Competency_Ratings!D:D), "")
N12: =IFERROR(SUMPRODUCT(Competency_Ratings!C:C,Competency_Ratings!D:D)/SUM(Competency_Ratings!D:D), "")
N13: =IFERROR(SUMPRODUCT(Competency_Ratings!C:C,Competency_Ratings!D:D)/SUM(Competency_Ratings!D:D), "")
... N200: =IFERROR(SUMPRODUCT(Competency_Ratings!C:C,Competency_Ratings!D:D)/SUM(Competency_Ratings!D:D), "")
A201: 2024 Annual Review | B201: Annual | C201: Sarah Martinez | D201: EMP-2847 | E201: Senior Software Engineer | F201: Engineering - Backend | G201: 44270 | H201: 45292 | I201: 45657 | J201: James Chen | K201: Engineering Manager | L201: 45672 | M201: 4 - Exceeds Expectations | N201: 4.2 | O201: Signed on 01/15/2025 | P201: Signed on 01/15/2025 | Q201: 45675

Sheet Competency_Ratings
A1: Competency Category | B1: Competency | C1: Rating (1-5) | D1: Weight (%) | E1: Weighted Score | F1: Comments/Examples
A2: Job-Specific Performance | B2: Technical Knowledge and Skills | C2: 5 | D2: 0.1 | E2: =IF(AND(ISNUMBER(C2),ISNUMBER(D2)),C2*D2,"") | F2: Exceptional expertise in Python and microservices architecture. Mentors junior developers effectively.
A3: Job-Specific Performance | B3: Quality of Work | C3: 4 | D3: 0.1 | E3: =IF(AND(ISNUMBER(C3),ISNUMBER(D3)),C3*D3,"") | F3: Consistently delivers high-quality code with minimal bugs. Code reviews are thorough and constructive.
A4: Job-Specific Performance | B4: Productivity and Efficiency | C4: 4 | D4: 0.05 | E4: =IF(AND(ISNUMBER(C4),ISNUMBER(D4)),C4*D4,"") | F4: Completed 15 major features and 3 system improvements this year, exceeding team average by 25%.
A5: Goals and Objectives | B5: Goal Achievement Rate | C5: 4 | D5: 0.25 | E5: =IF(AND(ISNUMBER(C5),ISNUMBER(D5)),C5*D5,"") | F5: Achieved 4 of 5 annual goals; one delayed due to changing priorities. Overall strong execution.
A6: Professional Skills | B6: Communication (Written & Verbal) | C6: 4 | D6: 0.08 | E6: =IF(AND(ISNUMBER(C6),ISNUMBER(D6)),C6*D6,"") | F6: Clear technical documentation and effective presentation skills. Communicates complex concepts well.
A7: Professional Skills | B7: Collaboration and Teamwork | C7: 5 | D7: 0.07 | E7: =IF(AND(ISNUMBER(C7),ISNUMBER(D7)),C7*D7,"") | F7: Outstanding team player. Facilitates cross-team collaboration and knowledge sharing.
A8: Professional Skills | B8: Problem-Solving | C8: 4 | D8: 0.08 | E8: =IF(AND(ISNUMBER(C8),ISNUMBER(D8)),C8*D8,"") | F8: Strong analytical skills. Identifies root causes quickly and proposes creative solutions.
A9: Professional Skills | B9: Adaptability | C9: 3 | D9: 0.05 | E9: =IF(AND(ISNUMBER(C9),ISNUMBER(D9)),C9*D9,"") | F9: Adapts well to changing priorities. Could be more proactive in anticipating changes.
A10: Leadership | B10: Mentoring | C10: 4 | D10: 0.05 | E10: =IF(AND(ISNUMBER(C10),ISNUMBER(D10)),C10*D10,"") | F10: Effectively mentors 2 junior engineers. Positive feedback from mentees.
A11: Values and Culture | B11: Integrity | C11: 5 | D11: 0.05 | E11: =IF(AND(ISNUMBER(C11),ISNUMBER(D11)),C11*D11,"") | F11: Exemplifies company values. Consistently demonstrates high ethical standards.
A12: Values and Culture | B12: Initiative | C12: 4 | D12: 0.07 | E12: =IF(AND(ISNUMBER(C12),ISNUMBER(D12)),C12*D12,"") | F12: Proactively identifies and solves problems. Led migration to new deployment system.
A13: TOTAL | D13: 1 | E13: =SUM(E2:E12)
E14: =IF(AND(ISNUMBER(C14),ISNUMBER(D14)),C14*D14,"")
E15: =IF(AND(ISNUMBER(C15),ISNUMBER(D15)),C15*D15,"")
E16: =IF(AND(ISNUMBER(C16),ISNUMBER(D16)),C16*D16,"")
E17: =IF(AND(ISNUMBER(C17),ISNUMBER(D17)),C17*D17,"")
E18: =IF(AND(ISNUMBER(C18),ISNUMBER(D18)),C18*D18,"")
E19: =IF(AND(ISNUMBER(C19),ISNUMBER(D19)),C19*D19,"")
E20: =IF(AND(ISNUMBER(C20),ISNUMBER(D20)),C20*D20,"")
E21: =IF(AND(ISNUMBER(C21),ISNUMBER(D21)),C21*D21,"")
E22: =IF(AND(ISNUMBER(C22),ISNUMBER(D22)),C22*D22,"")
E23: =IF(AND(ISNUMBER(C23),ISNUMBER(D23)),C23*D23,"")
E24: =IF(AND(ISNUMBER(C24),ISNUMBER(D24)),C24*D24,"")
E25: =IF(AND(ISNUMBER(C25),ISNUMBER(D25)),C25*D25,"")
... E200: =IF(AND(ISNUMBER(C200),ISNUMBER(D200)),C200*D200,"")

Sheet Goals_Previous_Period
A1: Goal # | B1: Goal Description | C1: Target/Metric | D1: Achievement Level | E1: Actual Results | F1: % Complete | G1: Comments
A2: 1 | B2: Lead microservices migration for payment system | C2: Complete by Q3, zero production incidents | D2: Achieved | E2: Completed Q3 2024, zero incidents, 30% performance improvement | F2: 1 | G2: Excellent execution and project management
A3: 2 | B3: Reduce API response time by 25% | C3: Average response time <200ms | D3: Exceeded | E3: Achieved 35% reduction, average response time 180ms | F3: 1.35 | G3: Implemented caching strategy that exceeded target
A4: 3 | B4: Mentor 2 junior engineers to mid-level | C4: Both promoted within review period | D4: Achieved | E4: Both engineers promoted to mid-level in Q4 | F4: 1 | G4: Provided structured mentoring program
A5: 4 | B5: Obtain AWS Solutions Architect certification | C5: Certification completed by Q4 | D5: Achieved | E5: Completed November 2024 | F5: 1 | G5: Certification completed ahead of schedule
A6: 5 | B6: Implement automated testing coverage to 80% | C6: 80% code coverage | D6: Partially Achieved | E6: Achieved 72% coverage | F6: 0.9 | G6: Made significant progress; external dependencies delayed completion

Sheet Goals_Next_Period
A1: Goal # | B1: Goal Description | C1: Category | D1: Target/Metric | E1: Target Completion Date | F1: Resources/Support Needed | G1: Priority | H1: Aligned to Company Goal
A2: 1 | B2: Lead team expansion and onboarding of 3 new engineers | C2: Performance | D2: 3 engineers fully productive within 90 days of hire | E2: 46022 | F2: Onboarding documentation, time allocation for mentoring | G2: High | H2: Team growth initiative
A3: 2 | B3: Design and implement real-time analytics pipeline | C3: Project | D3: Pipeline processing 1M events/day with <1s latency | E3: 45930 | F3: Kafka cluster, data engineering support | G3: High | H3: Data platform modernization
A4: 3 | B4: Improve system reliability to 99.95% uptime | C4: Performance | D4: 99.95% uptime measured monthly | E4: 46022 | F4: On-call support, monitoring tools | G4: High | H4: Operational excellence OKR
A5: 4 | B5: Develop leadership skills through management training | C5: Development | D5: Complete leadership program + shadow manager 20 hours | E5: 45838 | F5: Leadership training budget, manager's mentoring time | G5: Medium | H5: Leadership development program
A6: 5 | B6: Present at 2 technical conferences or company tech talks | C6: Development | D6: 2 presentations completed | E6: 46022 | F6: Conference travel budget, preparation time | G6: Low | H6: Technical brand building

Sheet Strengths_Development
A1: Strengths & Development
A3: Key Strengths and Accomplishments
A4: Accomplishment #1
A5: Accomplishment #2
A6: Accomplishment #3
A7: Additional Strengths
A9: Areas for Development
A10: Development Area #1
A11: Development Area #2
A12: Development Area #3
A13: Development Plan
A15: Career Development and Aspirations
... A24: Employee Response

Sheet Compensation_Recommendations
A1: Current Base Salary | B1: Recommended Merit Increase % | C1: Recommended New Salary | D1: Merit Increase Effective Date | E1: Bonus Recommendation | F1: Promotion Recommended | G1: Recommended New Title | H1: Compensation Justification | I1: Approved By | J1: Approval Date
C2: =IF(AND(ISNUMBER(A2),ISNUMBER(B2)),A2*(1+B2),"")
C3: =IF(AND(ISNUMBER(A3),ISNUMBER(B3)),A3*(1+B3),"")
C4: =IF(AND(ISNUMBER(A4),ISNUMBER(B4)),A4*(1+B4),"")
C5: =IF(AND(ISNUMBER(A5),ISNUMBER(B5)),A5*(1+B5),"")
C6: =IF(AND(ISNUMBER(A6),ISNUMBER(B6)),A6*(1+B6),"")
C7: =IF(AND(ISNUMBER(A7),ISNUMBER(B7)),A7*(1+B7),"")
C8: =IF(AND(ISNUMBER(A8),ISNUMBER(B8)),A8*(1+B8),"")
C9: =IF(AND(ISNUMBER(A9),ISNUMBER(B9)),A9*(1+B9),"")
C10: =IF(AND(ISNUMBER(A10),ISNUMBER(B10)),A10*(1+B10),"")
C11: =IF(AND(ISNUMBER(A11),ISNUMBER(B11)),A11*(1+B11),"")
C12: =IF(AND(ISNUMBER(A12),ISNUMBER(B12)),A12*(1+B12),"")
C13: =IF(AND(ISNUMBER(A13),ISNUMBER(B13)),A13*(1+B13),"")
... C200: =IF(AND(ISNUMBER(A200),ISNUMBER(B200)),A200*(1+B200),"")
